0.002024000,0.492415000,61,237
0.001930000,0.543154000,61,237
0.004189000,0.543592000,61,237
0.003746000,0.354015000,61,237
0.003135000,0.268150000,61,237
0.003570000,0.313023000,61,237
0.003746000,0.558684000,61,237
0.001621000,0.248384000,61,237
0.001506000,0.395158000,61,241
0.001805000,0.382732000,61,237
0.001522000,0.318130000,61,237
0.002586000,0.365290000,61,241
0.001939000,0.434803000,61,229
0.001496000,0.411521000,61,241
0.002079000,0.391024000,61,233
0.002248000,0.432017000,61,237
0.001478000,0.356206000,61,233
0.004040000,0.383607000,61,229
0.001616000,0.355131000,61,233
0.001525000,0.316262000,61,241
0.001900000,0.385072000,61,233
0.001372000,0.298871000,61,241
0.002150000,0.402781000,61,237
0.001631000,0.275398000,61,237
0.001336000,0.354840000,61,241
0.001745000,0.273826000,61,233
0.006641000,0.395230000,61,237
0.001214000,0.394483000,61,249
0.017269000,0.420338000,61,241
0.001026000,0.395082000,61,249
0.003250000,0.283967000,61,237
0.002506000,0.551931000,61,237
0.001630000,0.361741000,61,237
0.002159000,0.312500000,61,241
0.008768000,0.542059000,61,241
0.000998000,0.370620000,61,241
0.001040000,0.322735000,61,233
0.002011000,0.544416000,61,237
0.003663000,0.404309000,61,237
0.004222000,0.254881000,61,237
0.003663000,0.612110000,61,237
0.001898000,0.567204000,61,237
0.001041000,0.322812000,61,233
0.001074000,0.419700000,61,237
0.001716000,0.268888000,61,245
0.001008000,0.395074000,61,245
0.002585000,0.394582000,61,237
0.001183000,0.315799000,61,233
0.001507000,0.318167000,61,241
0.001321000,0.266028000,61,233
0.002503000,0.286280000,61,237
0.001504000,0.282819000,61,241
0.001047000,0.413632000,61,241
0.002678000,0.396759000,61,237
0.002678000,0.605714000,61,237
0.003597000,0.429953000,61,237
0.001553000,0.385713000,61,237
0.003476000,0.399364000,61,237
0.003476000,0.604238000,61,237
0.001020000,0.431955000,61,237
0.001548000,0.280129000,61,237
0.003999000,0.269127000,61,237
0.003999000,0.478734000,61,237
0.003798000,0.342132000,61,233
0.001613000,0.261920000,61,237
0.003244000,0.349893000,61,233
0.002035000,0.402877000,61,233
0.002035000,0.613208000,61,233
0.001519000,0.268544000,61,237
0.001519000,0.472896000,61,237
0.003707000,0.314738000,61,233
0.003026000,0.424579000,61,241
0.003250000,0.260716000,61,241
0.004147000,0.399965000,61,237
0.001123000,0.390633000,61,241
0.001723000,0.419466000,61,233
0.001785000,0.409840000,61,237
0.008344000,0.552902000,61,241
0.007668000,0.291715000,61,237
0.007668000,0.503539000,61,237
0.002870000,0.373090000,61,241
0.002133000,0.380143000,61,241
0.001099000,0.425323000,61,241
0.003269000,0.285079000,61,237
0.001684000,0.378045000,61,233
0.001614000,0.302385000,61,233
0.002666000,0.339330000,61,237
0.001882000,0.297988000,61,237
0.005454000,0.342364000,61,237
0.003259000,0.422632000,61,237
0.003645000,0.332745000,61,241
0.002142000,0.261538000,61,237
0.001573000,0.335192000,61,237
0.002957000,0.363499000,61,241
0.004766000,0.257250000,61,237
0.001220000,0.302166000,61,237
0.002892000,0.279299000,61,237
0.003288000,0.324555000,61,237
0.002982000,0.280480000,61,237
0.002085000,0.256693000,61,241
0.003020000,0.263448000,61,237
0.002497000,0.259729000,61,237
0.001525000,0.345580000,61,237
0.002048000,0.254892000,61,233
0.001875000,0.385925000,61,237
0.013153000,0.411040000,61,237
0.008005000,0.398752000,61,237
0.002087000,0.439363000,61,237
0.002087000,0.644603000,61,237
0.003813000,0.575241000,61,241
0.001423000,0.573226000,61,245
0.004271000,0.684361000,61,241
0.003110000,0.318014000,61,241
0.003183000,0.318039000,61,241
0.001954000,0.443601000,61,241
0.002634000,0.256382000,61,245
0.001896000,0.321011000,61,241
0.002189000,0.548741000,61,241
0.006389000,0.422057000,61,237
0.001956000,0.446613000,61,241
0.002108000,0.689190000,61,237
0.001451000,0.285917000,61,237
0.001798000,0.275550000,61,237
0.001451000,0.491343000,61,237
0.001518000,0.265183000,61,233
0.005406000,0.283713000,61,237
0.001417000,0.329712000,61,237
0.005406000,0.493644000,61,237
0.002037000,0.289908000,61,237
0.002319000,0.342543000,61,237
0.002319000,0.552232000,61,237
0.008424000,0.297692000,61,237
0.002821000,0.347939000,61,237
0.004516000,0.268991000,61,241
0.001735000,0.259223000,61,237
0.001124000,0.542470000,61,237
0.007006000,0.481594000,61,253
0.004199000,0.356678000,61,233
0.008740000,0.475389000,61,237
0.001010000,0.362612000,61,237
0.001363000,0.300019000,61,237
0.001416000,0.333606000,61,241
0.011269000,0.269927000,61,237
0.004831000,0.313993000,61,241
0.001363000,0.288809000,61,241
0.003814000,0.376750000,61,241
0.003814000,0.580933000,61,241
0.002907000,0.312965000,61,241
0.001621000,0.284180000,61,245
0.001716000,0.344684000,61,293
0.001716000,0.547749000,61,293
0.001001000,0.274556000,61,245
0.002520000,0.318593000,61,245
0.002520000,0.534483000,61,245
0.001037000,0.347876000,61,249
0.001866000,0.395528000,61,249
0.001052000,0.280554000,61,241
0.018819000,0.437910000,61,245
0.005143000,0.394131000,61,237
0.003928000,0.320892000,61,237
0.001535000,0.428765000,61,241
0.001554000,0.303799000,61,245
0.002066000,0.264562000,61,241
0.003009000,0.601568000,61,245
0.001030000,0.271527000,61,237
0.002249000,0.290273000,61,237
0.002249000,0.493392000,61,237
0.001023000,0.434731000,61,237
0.001842000,0.375706000,61,237
0.001859000,0.284428000,61,237
0.001445000,0.607965000,61,241
0.001860000,0.312324000,61,241
0.000997000,0.257029000,61,241
0.000997000,0.470727000,61,241
0.001822000,0.590511000,61,245
0.001822000,0.791623000,61,245
0.003933000,0.368932000,61,245
0.001240000,0.290030000,61,241
0.003830000,0.409962000,61,245
0.002987000,0.360364000,61,245
0.001370000,0.294564000,61,249
0.001593000,0.248963000,61,241
0.001069000,0.414384000,61,245
0.001909000,0.397182000,61,233
0.002092000,0.427127000,61,237
0.001737000,0.390304000,61,237
0.002649000,0.328295000,61,237
0.011191000,0.349629000,61,237
0.003557000,0.394339000,61,233
0.001483000,0.396407000,61,237
0.001415000,0.377939000,61,237
0.002012000,0.308476000,61,237
0.005134000,0.353553000,61,237
0.002252000,0.384685000,61,233
0.001149000,0.363999000,61,237
0.003731000,0.255148000,61,237
0.001613000,0.456064000,61,233
0.001613000,0.658980000,61,233
0.001022000,0.400535000,61,237
0.002073000,0.269263000,61,237
0.002402000,0.434706000,61,233
0.002402000,0.655184000,61,233
0.035461000,0.393952000,61,237
0.001985000,0.269661000,61,237
0.001985000,0.475086000,61,237
0.001863000,0.253239000,61,237
0.001533000,0.293727000,61,237
0.001533000,0.498948000,61,237
0.002121000,0.333714000,61,241
0.002120000,0.438123000,61,237
0.001520000,0.260182000,61,237
0.002635000,0.293018000,61,241
0.002109000,0.400343000,61,237
0.001564000,0.394801000,61,237
0.001794000,0.294288000,61,241
0.001564000,0.597591000,61,237
0.014230000,0.334476000,61,237
0.002308000,0.300715000,61,241
0.002556000,0.346953000,61,237
0.002556000,0.551310000,61,237
0.002061000,0.409682000,61,237
0.001549000,0.289702000,61,237
0.002194000,0.341631000,61,241
0.007432000,0.423236000,61,233
0.001507000,0.352930000,61,237
0.001507000,0.575128000,61,237
0.002069000,0.363458000,61,237
0.014418000,0.295673000,61,237
0.001557000,0.329644000,61,237
0.001040000,0.392234000,61,241
0.002543000,0.301618000,61,233
0.001788000,0.656298000,61,237
0.001248000,0.282206000,61,237
0.002514000,0.282472000,61,237
0.001717000,0.364247000,61,241
0.001093000,0.355591000,61,237
0.001998000,0.341050000,61,237
0.001813000,0.437729000,61,241
0.002092000,0.336411000,61,237
0.001649000,0.305498000,61,233
0.002092000,0.552540000,61,237
0.001826000,0.449732000,61,237
0.001860000,0.278758000,61,237
0.001045000,0.283794000,61,241
0.002905000,0.438013000,61,245
0.003479000,0.390452000,61,241
0.001066000,0.295175000,61,233
0.003505000,0.310698000,61,237
0.001559000,0.262405000,61,237
0.001791000,0.286501000,61,233
0.001049000,0.397122000,61,237
0.001621000,0.374137000,61,237
0.002709000,0.306200000,61,233
0.002709000,0.531018000,61,233
0.002984000,0.355476000,61,237
0.001182000,0.376783000,61,237
0.001226000,0.398090000,61,237
0.001679000,0.433872000,61,241
0.001754000,0.352923000,61,237
0.002373000,0.398481000,61,241
0.002184000,0.431780000,61,245
0.002645000,0.430523000,61,241
0.002994000,0.396815000,61,233
0.001262000,0.429629000,61,237
0.003515000,0.371356000,61,237
0.002086000,0.389555000,61,233
0.001340000,0.367546000,61,237
0.001518000,0.423825000,61,237
0.002058000,0.304695000,61,237
0.004416000,0.335229000,61,241
0.001588000,0.324251000,61,237
0.002971000,0.333835000,61,237
0.002227000,0.424918000,61,241
0.003448000,0.292897000,61,237
0.002430000,0.360302000,61,241
0.001200000,0.400423000,61,249
0.004051000,0.296619000,61,245
0.003199000,0.291677000,61,233
0.003199000,0.498283000,61,233
0.008373000,0.325968000,61,237
0.001771000,0.339967000,61,237
0.002132000,0.379441000,61,237
0.001061000,0.376318000,61,241
0.002560000,0.478825000,61,237
0.001936000,0.409586000,61,241
0.004287000,0.307563000,61,245
0.001965000,0.561987000,61,241
0.001001000,0.427460000,61,241
0.008434000,0.269527000,61,245
0.001094000,0.605524000,61,241
0.002263000,0.468160000,61,237
0.001235000,0.289563000,61,241
0.001166000,0.439753000,61,237
0.001551000,0.302782000,61,249
0.003309000,0.302778000,61,253
0.001506000,0.532406000,61,245
0.001273000,0.327814000,61,237
0.001565000,0.355021000,61,241
0.001027000,0.493308000,61,237
0.001027000,0.697936000,61,237
0.001258000,0.371720000,61,233
0.001280000,0.298075000,61,237
0.001280000,0.500314000,61,237
0.003010000,0.540819000,61,237
0.001838000,0.380815000,61,237
0.001573000,0.281890000,61,241
0.001838000,0.585651000,61,237
0.001082000,0.548929000,61,237
0.003777000,0.350884000,61,241
0.001055000,0.304980000,61,245
0.003777000,0.555980000,61,241
0.002669000,0.510310000,61,241
0.000991000,0.362710000,61,241
0.001062000,0.359512000,61,245
0.000991000,0.568896000,61,241
0.001062000,0.560722000,61,245
0.001399000,0.485778000,61,241
0.002144000,0.370184000,61,245
0.001530000,0.289607000,61,241
0.001227000,0.511842000,61,249
0.002021000,0.380402000,61,241
0.004694000,0.284317000,61,241
0.003884000,0.554852000,61,237
0.001570000,0.369940000,61,241
0.012614000,0.276507000,61,237
0.001886000,0.290219000,61,237
0.001888000,0.292256000,61,237
0.002383000,0.349838000,61,237
0.001600000,0.387558000,61,237
0.001108000,0.406751000,61,241
0.002077000,0.408854000,61,237
0.001250000,0.432234000,61,237
0.001422000,0.341302000,61,241
0.003774000,0.400241000,61,245
0.002100000,0.457762000,61,241
0.001872000,0.287048000,61,241
0.004520000,0.311923000,61,241
0.014434000,0.326481000,61,233
0.003932000,0.304387000,61,237
0.001790000,0.400631000,61,237
0.002266000,0.282737000,61,241
0.001257000,0.496803000,61,241
0.003029000,0.326741000,61,245
0.002872000,0.299181000,61,241
0.002872000,0.506761000,61,241
0.001788000,0.524294000,61,245
0.001032000,0.414728000,61,241
0.001040000,0.552870000,61,245
0.000984000,0.281888000,61,249
0.001177000,0.392187000,61,241
0.002356000,0.385220000,61,241
0.002356000,0.590090000,61,241
0.001556000,0.430914000,61,245
0.001621000,0.374264000,61,241
0.001889000,0.299764000,61,237
0.002474000,0.298302000,61,241
0.001494000,0.282729000,61,237
0.000977000,0.381033000,61,233
0.004569000,0.434934000,61,237
0.001506000,0.299817000,61,237
0.002450000,0.336498000,61,233
0.007647000,0.387397000,61,237
0.000989000,0.272679000,61,237
0.002029000,0.304758000,61,241
0.002445000,0.344608000,61,245
0.002143000,0.418030000,61,241
0.002695000,0.405342000,61,241
0.001037000,0.432676000,61,245
0.001738000,0.282128000,61,241
0.001717000,0.408350000,61,237
0.002842000,0.391622000,61,241
0.001080000,0.434495000,61,237
0.001527000,0.549280000,61,253
0.003099000,0.670309000,61,249
0.003489000,0.589629000,61,245
0.002281000,0.300228000,61,249
0.002113000,0.338503000,61,253
0.001132000,0.430640000,61,245
0.003710000,0.306398000,61,241
0.002433000,0.334737000,61,245
0.001900000,0.271106000,61,241
0.004327000,0.283752000,61,253
0.004327000,0.490972000,61,253
0.001577000,0.902021000,61,257
0.001159000,0.750170000,61,245
0.002119000,0.684459000,61,237
0.001608000,0.259919000,61,245
0.003875000,0.272575000,61,241
0.001489000,0.437708000,61,241
0.001489000,0.640715000,61,241
0.001957000,0.318426000,61,245
0.001957000,0.522745000,61,245
0.004036000,0.344873000,61,241
0.002045000,0.431598000,61,237
0.001612000,0.279737000,61,241
0.001612000,0.483378000,61,241
0.002050000,0.329098000,61,237
0.002050000,0.540731000,61,237
0.007381000,0.393201000,61,241
0.003120000,0.334410000,61,241
0.002777000,0.367847000,61,245
0.001297000,0.491722000,61,241
0.001588000,0.324161000,61,245
0.002138000,0.340102000,61,241
0.001027000,0.376740000,61,233
0.001503000,0.364948000,61,237
0.002547000,0.406235000,61,237
0.002120000,0.364410000,61,241
0.000980000,0.375898000,61,245
0.002147000,0.274795000,61,241
0.002147000,0.479322000,61,241
0.002427000,0.328514000,61,241
0.001941000,0.295528000,61,241
0.001029000,0.266905000,61,245
0.001941000,0.499609000,61,241
0.001029000,0.467754000,61,245
0.001772000,0.333228000,61,249
0.001772000,0.550175000,61,249
0.001663000,0.369817000,61,253
0.002142000,0.321737000,61,245
0.002261000,0.328472000,61,241
0.001766000,0.319719000,61,245
0.002219000,0.357739000,61,241
0.001017000,0.335673000,61,241
0.003243000,0.338807000,61,245
0.003243000,0.544044000,61,245
0.001445000,0.391899000,61,241
0.003542000,0.289977000,61,233
0.000980000,0.337021000,61,237
0.005104000,0.278584000,61,237
0.002815000,0.345617000,61,233
0.002815000,0.549456000,61,233
0.005449000,0.383966000,61,237
0.001557000,0.284606000,61,237
0.002161000,0.324369000,61,233
0.003893000,0.415057000,61,237
0.001509000,0.335398000,61,237
0.002548000,0.384980000,61,241
0.002738000,0.349597000,61,245
0.001614000,0.254034000,61,241
0.001950000,0.389559000,61,237
0.002598000,0.298656000,61,241
0.001950000,0.593481000,61,237
0.001980000,0.506227000,61,245
0.001008000,0.281982000,61,249
0.002269000,0.362107000,61,241
0.005860000,0.486266000,61,241
0.003148000,0.339722000,61,245
0.009708000,0.392187000,61,241
0.009708000,0.619393000,61,241
0.026995000,0.384134000,61,237
0.001076000,0.395058000,61,241
0.003975000,0.279622000,61,237
0.003975000,0.485637000,61,237
0.001706000,0.526922000,61,241
0.002075000,0.287592000,61,233
0.002036000,0.269647000,61,237
0.001177000,0.319940000,61,237
0.001177000,0.521975000,61,237
0.006658000,0.278834000,61,241
0.002491000,0.369340000,61,245
0.001151000,0.439006000,61,241
0.005392000,0.302795000,61,241
0.002190000,0.353554000,61,241
0.002135000,0.389938000,61,245
0.003314000,0.297353000,61,233
0.002471000,0.279627000,61,237
0.001533000,0.306662000,61,233
0.002471000,0.485623000,61,237
0.001550000,0.271033000,61,237
0.002163000,0.386287000,61,237
0.006392000,0.282412000,61,241
0.006392000,0.495406000,61,241
0.008036000,0.524470000,61,245
0.001839000,0.390323000,61,241
0.001135000,0.267480000,61,241
0.001839000,0.592534000,61,241
0.003088000,0.537930000,61,245
0.001009000,0.394427000,61,249
0.001644000,0.262726000,61,241
0.002407000,0.344527000,61,245
0.001587000,0.292154000,61,249
0.004892000,0.304069000,61,241
0.001486000,0.274928000,61,241
0.003991000,0.374637000,61,245
0.002081000,0.384679000,61,241
0.001634000,0.325292000,61,241
0.001530000,0.441815000,61,241
0.000999000,0.394325000,61,245
0.001515000,0.312562000,61,241
0.001353000,0.494319000,61,241
0.001366000,0.394144000,61,245
0.002075000,0.295857000,61,241
0.001577000,0.509469000,61,233
0.002039000,0.385870000,61,237
0.002540000,0.271886000,61,233
0.002039000,0.605257000,61,237
0.013478000,0.479134000,61,237
0.001936000,0.382697000,61,233
0.002109000,0.260450000,61,237
0.001179000,0.524812000,61,237
0.001705000,0.398441000,61,241
0.001009000,0.259540000,61,245
0.002146000,0.547064000,61,249
0.001211000,0.389952000,61,253
0.002018000,0.273792000,61,245
0.001211000,0.592823000,61,253
0.001555000,0.525202000,61,241
0.001070000,0.388344000,61,245
0.002107000,0.284821000,61,241
0.002927000,0.464770000,61,241
0.002927000,0.667661000,61,241
0.000997000,0.405110000,61,245
0.004051000,0.387573000,61,241
0.001222000,0.425711000,61,233
0.010219000,0.304784000,61,237
0.001570000,0.269578000,61,237
0.002073000,0.309783000,61,229
0.002073000,0.513784000,61,229
0.001566000,0.407589000,61,241
0.002560000,0.499953000,61,245
0.033534000,0.529526000,61,241
0.001570000,0.331583000,61,241
0.002044000,0.375419000,61,245
0.002149000,0.388390000,61,241
0.001588000,0.264180000,61,237
0.002576000,0.305367000,61,233
0.001121000,0.402673000,61,233
0.000991000,0.385596000,61,233
0.002206000,0.308804000,61,237
0.000991000,0.587609000,61,233
0.001341000,0.352923000,61,241
0.001341000,0.559862000,61,241
0.005592000,0.369445000,61,241
0.001298000,0.332961000,61,241
0.002927000,0.374616000,61,237
0.001545000,0.314796000,61,257
0.003187000,0.325904000,61,233
0.004669000,0.375032000,61,257
0.002192000,0.323836000,61,241
0.002344000,0.359333000,61,241
0.003214000,0.354637000,61,245
0.003214000,0.559350000,61,245
0.002201000,0.405827000,61,233
0.001604000,0.254891000,61,233
0.004639000,0.445063000,61,241
0.001833000,0.390029000,61,237
0.004092000,0.285779000,61,249
0.001833000,0.593959000,61,237
0.002931000,0.357999000,61,241
0.001564000,0.345379000,61,237
0.002243000,0.390777000,61,241
0.001564000,0.551461000,61,237
0.002243000,0.598999000,61,241
0.001398000,0.384058000,61,237
0.001765000,0.283779000,61,237
0.001521000,0.407055000,61,233
0.002245000,0.385212000,61,237
0.005617000,0.397603000,61,241
0.002088000,0.344229000,61,237
0.002088000,0.549042000,61,237
0.002353000,0.453944000,61,237
0.002100000,0.327988000,61,241
0.002595000,0.340746000,61,249
0.002595000,0.546189000,61,249
0.001969000,0.404011000,61,241
0.001767000,0.500461000,61,245
0.001580000,0.453136000,61,241
0.004239000,0.500258000,61,241
0.002033000,0.392201000,61,249
0.002122000,0.384626000,61,237
0.001337000,0.425192000,61,241
0.001925000,0.276496000,61,241
0.004703000,0.369152000,61,237
0.001528000,0.409259000,61,237
0.001537000,0.254556000,61,241
0.001229000,0.292689000,61,241
0.001703000,0.259985000,61,241
0.003662000,0.380080000,61,237
0.002525000,0.379708000,61,237
0.001616000,0.319774000,61,237
0.003574000,0.252794000,61,237
0.003574000,0.476238000,61,237
0.011256000,0.387952000,61,237
0.001217000,0.389474000,61,241
0.000995000,0.429647000,61,245
0.002808000,0.258539000,61,237
0.002152000,0.275305000,61,241
0.002152000,0.485206000,61,241
0.002094000,0.324628000,61,245
0.002204000,0.279070000,61,233
0.001918000,0.377122000,61,241
0.002051000,0.377811000,61,241
0.002247000,0.393662000,61,249
0.003712000,0.252754000,61,233
0.001782000,0.383729000,61,241
0.002780000,0.290719000,61,233
0.002576000,0.267541000,61,237
0.002576000,0.474475000,61,237
0.001544000,0.375569000,61,245
0.001482000,0.277424000,61,241
0.004752000,0.323123000,61,245
0.002896000,0.387705000,61,241
0.001592000,0.384694000,61,241
0.001310000,0.397147000,61,241
0.020895000,0.425096000,61,241
0.001509000,0.344690000,61,241
0.001106000,0.377534000,61,245
0.001227000,0.462034000,61,241
0.001957000,0.277442000,61,241
0.001431000,0.374807000,61,237
0.001957000,0.478105000,61,241
0.003171000,0.426512000,61,237
0.001476000,0.326308000,61,237
0.001476000,0.535707000,61,237
0.002440000,0.367309000,61,241
0.003056000,0.384331000,61,245
0.001263000,0.381688000,61,237
0.001263000,0.587179000,61,237
0.002034000,0.389987000,61,241
0.002034000,0.593994000,61,241
0.001387000,0.423964000,61,241
0.001526000,0.289966000,61,245
0.002438000,0.362361000,61,237
0.001233000,0.381087000,61,249
0.004061000,0.256392000,61,245
0.004061000,0.458710000,61,245
0.002407000,0.369929000,61,241
0.002032000,0.400133000,61,237
0.001952000,0.444596000,61,245
0.001792000,0.464789000,61,233
0.002475000,0.394815000,61,237
0.002475000,0.614754000,61,237
0.002122000,0.409826000,61,237
0.001541000,0.355392000,61,237
0.002299000,0.389624000,61,237
0.001133000,0.402185000,61,237
0.011108000,0.279832000,61,237
0.007732000,0.390005000,61,241
0.003790000,0.436404000,61,237
0.001542000,0.339719000,61,237
0.002155000,0.374512000,61,241
0.002112000,0.304739000,61,237
0.003264000,0.385105000,61,241
0.001247000,0.384948000,61,233
0.001360000,0.422369000,61,233
0.001590000,0.265793000,61,237
0.002502000,0.297199000,61,233
0.002535000,0.289791000,61,233
0.002502000,0.509792000,61,233
0.002080000,0.382438000,61,233
0.002080000,0.612773000,61,233
0.002195000,0.405327000,61,233
0.001583000,0.434740000,61,237
0.001516000,0.316381000,61,237
0.004183000,0.355886000,61,237
0.002170000,0.418436000,61,237
0.002170000,0.640958000,61,237
0.001377000,0.331218000,61,233
0.002912000,0.383614000,61,237
0.001874000,0.502210000,61,237
0.001698000,0.287314000,61,237
0.002051000,0.337357000,61,237
0.002052000,0.405890000,61,241
0.001712000,0.382287000,61,233
0.001060000,0.387097000,61,233
0.001038000,0.397445000,61,237
0.001038000,0.630216000,61,237
0.001249000,0.354305000,61,233
0.001010000,0.384968000,61,245
0.002197000,0.423185000,61,241
0.003874000,0.317158000,61,241
0.002107000,0.360781000,61,245
0.002149000,0.401677000,61,245
0.001695000,0.344857000,61,245
0.003517000,0.384688000,61,245
0.001695000,0.548322000,61,245
0.002082000,0.374711000,61,237
0.003529000,0.299806000,61,245
0.002879000,0.387416000,61,245
0.001232000,0.254604000,61,249
0.001937000,0.379870000,61,241
0.001610000,0.280740000,61,241
0.001371000,0.354969000,61,245
0.002216000,0.397875000,61,245
0.002216000,0.604726000,61,245
0.002195000,0.289630000,61,245
0.001727000,0.325320000,61,249
0.002093000,0.372706000,61,241
0.001468000,0.368295000,61,237
0.002232000,0.260329000,61,245
0.001468000,0.570648000,61,237
0.002232000,0.464596000,61,245
0.001754000,0.333548000,61,245
0.001517000,0.309987000,61,241
0.002444000,0.342844000,61,245
0.001530000,0.378438000,61,241
0.001952000,0.293139000,61,241
0.010117000,0.367404000,61,241
0.002147000,0.269719000,61,241
0.001775000,0.426999000,61,241
0.003004000,0.383013000,61,241
0.001003000,0.299980000,61,249
0.003004000,0.594029000,61,241
0.001003000,0.502891000,61,249
0.013726000,0.487786000,61,241
0.001878000,0.378913000,61,241
0.001639000,0.320664000,61,233
0.001813000,0.268909000,61,245
0.001522000,0.314460000,61,241
0.002018000,0.400415000,61,237
0.001618000,0.439298000,61,233
0.001542000,0.349250000,61,241
0.001555000,0.258712000,61,241
0.002370000,0.284683000,61,241
0.001555000,0.463770000,61,241
0.001519000,0.320245000,61,241
0.004330000,0.374693000,61,233
0.000997000,0.257642000,61,233
0.000997000,0.462538000,61,233
0.001049000,0.464945000,61,237
0.001501000,0.344327000,61,233
0.001053000,0.398274000,61,241
0.001622000,0.326413000,61,241
0.001622000,0.530189000,61,241
0.001586000,0.378419000,61,237
0.001322000,0.330123000,61,241
0.001322000,0.533928000,61,241
0.001610000,0.379471000,61,233
0.001610000,0.621419000,61,233
0.001742000,0.411273000,61,237
0.001848000,0.394582000,61,241
0.001613000,0.421601000,61,237
0.001527000,0.276964000,61,241
0.004252000,0.324553000,61,241
0.002025000,0.302734000,61,241
0.002353000,0.371601000,61,237
0.003311000,0.389240000,61,233
0.003081000,0.389172000,61,233
0.001490000,0.309386000,61,237
0.002559000,0.348937000,61,249
0.002130000,0.394439000,61,237
0.001555000,0.381746000,61,237
0.001775000,0.388099000,61,249
0.001775000,0.588266000,61,249
0.003938000,0.265127000,61,237
0.001538000,0.405406000,61,241
0.002137000,0.396133000,61,237
0.017216000,0.325160000,61,237
0.007177000,0.280609000,61,241
0.002450000,0.299921000,61,237
0.004570000,0.365988000,61,237
0.001533000,0.374838000,61,237
0.001533000,0.578631000,61,237
0.002035000,0.389669000,61,237
0.002035000,0.592545000,61,237
0.001062000,0.410069000,61,237
0.003185000,0.262947000,61,257
0.001678000,0.378633000,61,273
0.001678000,0.590719000,61,273
0.001347000,0.424648000,61,241
0.004720000,0.395362000,61,249
0.009711000,0.272667000,61,249
0.013501000,0.376754000,61,237
0.001558000,0.269996000,61,237
0.002075000,0.398791000,61,237
0.001627000,0.422740000,61,237
0.001895000,0.396527000,61,237
0.002152000,0.391627000,61,237
0.001697000,0.427389000,61,237
0.001008000,0.441323000,61,245
0.005263000,0.403740000,61,241
0.007038000,0.359940000,61,249
0.001782000,0.342070000,61,241
0.001224000,0.390822000,61,241
0.002454000,0.313120000,61,237
0.001649000,0.376903000,61,237
0.001510000,0.269117000,61,237
0.001593000,0.263732000,61,241
0.001510000,0.473146000,61,237
0.001023000,0.516429000,61,241
0.001072000,0.389281000,61,245
0.001076000,0.285022000,61,241
0.001811000,0.588555000,61,241
0.002695000,0.467414000,61,241
0.001915000,0.258865000,61,245
0.001915000,0.462794000,61,245
0.001549000,0.533915000,61,241
0.002186000,0.282472000,61,241
0.003433000,0.339626000,61,241
0.001043000,0.409867000,61,241
0.002036000,0.388463000,61,245
0.001776000,0.463852000,61,241
0.001988000,0.276869000,61,241
0.001762000,0.298866000,61,249
0.002035000,0.319667000,61,237
0.002166000,0.354325000,61,249
0.002035000,0.534684000,61,237
0.001597000,0.374019000,61,249
0.001504000,0.341858000,61,245
0.001857000,0.395735000,61,245
0.002171000,0.294454000,61,253
0.001850000,0.542252000,61,245
0.001850000,0.746934000,61,245
0.005288000,0.338675000,61,249
0.001316000,0.324399000,61,245
0.001316000,0.527288000,61,245
0.001658000,0.737314000,61,253
0.002880000,0.312264000,61,245
0.002780000,0.312183000,61,245
0.002730000,0.389849000,61,233
0.003062000,0.403643000,61,237
0.002641000,0.429427000,61,237
0.001636000,0.264842000,61,237
0.001636000,0.468877000,61,237
0.002091000,0.404566000,61,237
0.001563000,0.302490000,61,241
0.001519000,0.370779000,61,241
0.002946000,0.469142000,61,245
0.004157000,0.337208000,61,241
0.001894000,0.313539000,61,241
0.001107000,0.317008000,61,241
0.002405000,0.297486000,61,241
0.001609000,0.287699000,61,245
0.001229000,0.354120000,61,241
0.001229000,0.555931000,61,241
0.004366000,0.430242000,61,241
0.009062000,0.338757000,61,237
0.002841000,0.293770000,61,241
0.001037000,0.284289000,61,237
0.001490000,0.273951000,61,237
0.001257000,0.299255000,61,237
0.001847000,0.392512000,61,233
0.003785000,0.424148000,61,237
0.008004000,0.421889000,61,237
0.002030000,0.281918000,61,237
0.003529000,0.349749000,61,237
0.003529000,0.553724000,61,237
0.001625000,0.404533000,61,237
0.001510000,0.364756000,61,237
0.002574000,0.514325000,61,241
0.001491000,0.305327000,61,237
0.000994000,0.380687000,61,237
0.005607000,0.424724000,61,253
0.001382000,0.314800000,61,233
0.001037000,0.369989000,61,237
0.001996000,0.408748000,61,237
0.001128000,0.259552000,61,237
0.001994000,0.304770000,61,241
0.001973000,0.696114000,61,237
0.001215000,0.409721000,61,241
0.001581000,0.370645000,61,241
0.001598000,0.324868000,61,241
0.000997000,0.384783000,61,241
0.001211000,0.498043000,61,245
0.001488000,0.304382000,61,245
0.001140000,0.516065000,61,245
0.001613000,0.400969000,61,249
0.001707000,0.695773000,61,249
0.002484000,0.755330000,61,241
0.003580000,0.535497000,61,245
0.003455000,0.320928000,61,237
0.001086000,0.392251000,61,237
0.001918000,0.539847000,61,241
0.001918000,0.742312000,61,241
0.001600000,0.270122000,61,245
0.001859000,0.386503000,61,241
0.001371000,0.425985000,61,245
0.000992000,0.323983000,61,237
0.001568000,0.403885000,61,237
0.004186000,0.541356000,61,237
0.001049000,0.265568000,61,237
0.001513000,0.388911000,61,237
0.002535000,0.429659000,61,241
0.001062000,0.314842000,61,241
0.001277000,0.493410000,61,241
0.002190000,0.539469000,61,245
0.004135000,0.278427000,61,245
0.001767000,0.494461000,61,241
0.001002000,0.520771000,61,245
0.004042000,0.305605000,61,245
0.002189000,0.400932000,61,249
0.002092000,0.424728000,61,241
0.002080000,0.327677000,61,245
0.001576000,0.275138000,61,233
0.001978000,0.264763000,61,237
0.002822000,0.395059000,61,237
0.002389000,0.379690000,61,237
0.001981000,0.309138000,61,237
0.001260000,0.303284000,61,233
0.000977000,0.297784000,61,237
0.001949000,0.280704000,61,237
0.005954000,0.325833000,61,237
0.004369000,0.366685000,61,237
0.002145000,0.339952000,61,233
0.003074000,0.330847000,61,237
0.001802000,0.268099000,61,237
0.003994000,0.296660000,61,233
0.001319000,0.317369000,61,237
0.002865000,0.349761000,61,237
0.001676000,0.286740000,61,233
0.003340000,0.583218000,61,237
0.001310000,0.338390000,61,237
0.001835000,0.388171000,61,237
0.001835000,0.591747000,61,237
0.001905000,0.277178000,61,237
0.002602000,0.349444000,61,241
0.002266000,0.495175000,61,237
0.002266000,0.700301000,61,237
0.001812000,0.357067000,61,237
0.002887000,0.327982000,61,241
0.001947000,0.333963000,61,237
0.004438000,0.401736000,61,237
0.001391000,0.349816000,61,241
0.001717000,0.354155000,61,237
0.004633000,0.270730000,61,241
0.001518000,0.282786000,61,237
0.001004000,0.347229000,61,237
0.002102000,0.490439000,61,237
0.001795000,0.726688000,61,241
0.002302000,0.326738000,61,233
0.001980000,0.374753000,61,237
0.001514000,0.343885000,61,237
0.002028000,0.387700000,61,237
0.001981000,0.557101000,61,237
0.001867000,0.304516000,61,241
0.004725000,0.299142000,61,233
0.004725000,0.503066000,61,233
0.001469000,0.285810000,61,237
0.001579000,0.528585000,61,237
0.007290000,0.544622000,61,237
0.001050000,0.274783000,61,241
0.004930000,0.518961000,61,237
0.003087000,0.559951000,61,237
0.001626000,0.271633000,61,241
0.001802000,0.506364000,61,237
0.001802000,0.709767000,61,237
0.002876000,0.528134000,61,233
0.002168000,0.266203000,61,237
0.001820000,0.340005000,61,237
0.005850000,0.394754000,61,241
0.005980000,0.295428000,61,245
0.005980000,0.505718000,61,245
0.005449000,0.493434000,61,241
0.005399000,0.493477000,61,233
0.001018000,0.263886000,61,237
0.001477000,0.385137000,61,237
0.001743000,0.350799000,61,233
0.001477000,0.588139000,61,237
0.002571000,0.383589000,61,237
0.001721000,0.393470000,61,237
0.002019000,0.321522000,61,233
0.002017000,0.321585000,61,237
0.002517000,0.378439000,61,237
0.001685000,0.369833000,61,237
0.002517000,0.584193000,61,237
0.002585000,0.389036000,61,241
0.001635000,0.258842000,61,237
0.002035000,0.387951000,61,241
0.002137000,0.389930000,61,245
0.001863000,0.266239000,61,241
0.001775000,0.399160000,61,233
0.002754000,0.396164000,61,237
0.001695000,0.337992000,61,237
0.001694000,0.270240000,61,233
0.001073000,0.276428000,61,237
0.001377000,0.387619000,61,237
0.002744000,0.380161000,61,237
0.002070000,0.429552000,61,241
0.001525000,0.259005000,61,237
0.002518000,0.394610000,61,237
0.005186000,0.299556000,61,241
0.005186000,0.508484000,61,241
0.001681000,0.404965000,61,237
0.002179000,0.282447000,61,241
0.001681000,0.609427000,61,237
0.002212000,0.323214000,61,249
0.002333000,0.389570000,61,245
0.002948000,0.299210000,61,237
0.001681000,0.351171000,61,241
0.001615000,0.371099000,61,237
0.002867000,0.378107000,61,241
0.002084000,0.373976000,61,245
0.001526000,0.274740000,61,241
0.001526000,0.476828000,61,241
0.002165000,0.255942000,61,241
0.001115000,0.380425000,61,245
0.004305000,0.274400000,61,241
0.001005000,0.364360000,61,237
0.003095000,0.399923000,61,241
0.008553000,0.388253000,61,237
0.001831000,0.261097000,61,249
0.001748000,0.303795000,61,253
0.001144000,0.287973000,61,245
0.003551000,0.392683000,61,237
0.001288000,0.270546000,61,241
0.002088000,0.254449000,61,237
0.001520000,0.383946000,61,233
0.003883000,0.295352000,61,237
0.001064000,0.332804000,61,237
0.001471000,0.359821000,61,237
0.003505000,0.327038000,61,241
0.001471000,0.562831000,61,237
0.003436000,0.364734000,61,237
0.001127000,0.382549000,61,241
0.003066000,0.346220000,61,245
0.001127000,0.587687000,61,241
0.003766000,0.383933000,61,241
0.003066000,0.549629000,61,245
0.001498000,0.284184000,61,241
0.003302000,0.330763000,61,245
0.002780000,0.375085000,61,241
0.001812000,0.349237000,61,245
0.001546000,0.346132000,61,241
0.001652000,0.370255000,61,249
0.001540000,0.253924000,61,241
0.002445000,0.294345000,61,241
0.002121000,0.390157000,61,237
0.001029000,0.408350000,61,241
0.001823000,0.389580000,61,237
0.001013000,0.339830000,61,237
0.001401000,0.390243000,61,237
0.001733000,0.379000000,61,237
0.001393000,0.322302000,61,237
0.001724000,0.312077000,61,241
0.007391000,0.278634000,61,237
0.001293000,0.256574000,61,237
0.007391000,0.487486000,61,237
0.001293000,0.457798000,61,237
0.002340000,0.328194000,61,241
0.001634000,0.305455000,61,245
0.005635000,0.332834000,61,241
0.002142000,0.393136000,61,241
0.001564000,0.362320000,61,241
0.002599000,0.323381000,61,233
0.001040000,0.364620000,61,237
0.001591000,0.258776000,61,237
0.002090000,0.267530000,61,241
0.001288000,0.253776000,61,241
0.001702000,0.277494000,61,245
0.002203000,0.368138000,61,241
0.001645000,0.341841000,61,245
0.001301000,0.391053000,61,241
0.002601000,0.404283000,61,245
0.002841000,0.380929000,61,249
0.001040000,0.399208000,61,241
0.003393000,0.387435000,61,241
0.003393000,0.597023000,61,241
0.001357000,0.424187000,61,245
0.001357000,0.629357000,61,245
0.001500000,0.260813000,61,241
0.002056000,0.310282000,61,237
0.001207000,0.400042000,61,241
0.001635000,0.387336000,61,237
0.001137000,0.385309000,61,233
0.003031000,0.419509000,61,237
0.001612000,0.259908000,61,237
0.001226000,0.283779000,61,233
0.001522000,0.268969000,61,237
0.001668000,0.314675000,61,237
0.001892000,0.261186000,61,241
0.001892000,0.470533000,61,241
0.001749000,0.357945000,61,245
0.002152000,0.332436000,61,241
0.001469000,0.310543000,61,241
0.002270000,0.340002000,61,245
0.003190000,0.476912000,61,241
0.002280000,0.375659000,61,237
0.002299000,0.306294000,61,241
0.003811000,0.387905000,61,237
0.001939000,0.387952000,61,249
0.001903000,0.419270000,61,253
0.001471000,0.397365000,61,245
0.002036000,0.397428000,61,249
0.001988000,0.386261000,61,253
0.001224000,0.374853000,61,245
0.005442000,0.389510000,61,241
0.001916000,0.425332000,61,245
0.003297000,0.278335000,61,241
0.002489000,0.329557000,61,253
0.001040000,0.380416000,61,257
0.001176000,0.385530000,61,245
0.002950000,0.395788000,61,237
0.002258000,0.413214000,61,245
0.000999000,0.255027000,61,241
0.002037000,0.390454000,61,241
0.001723000,0.376030000,61,245
0.003556000,0.395407000,61,241
0.003556000,0.599019000,61,241
0.004847000,0.356509000,61,237
0.001661000,0.399780000,61,241
0.001661000,0.602659000,61,241
0.004155000,0.373489000,61,237
0.001579000,0.255837000,61,241
0.001863000,0.358140000,61,241
0.001971000,0.395832000,61,245
0.001566000,0.264989000,61,241
0.003348000,0.323516000,61,245
0.001627000,0.379088000,61,241
0.001573000,0.295953000,61,233
0.001484000,0.311218000,61,237
0.001255000,0.325959000,61,237
0.002986000,0.462673000,61,241
0.001487000,0.377163000,61,245
0.002038000,0.275210000,61,241
0.002084000,0.423232000,61,241
0.002472000,0.277270000,61,241
0.005172000,0.299951000,61,245
0.001233000,0.324816000,61,249
0.005089000,0.292693000,61,253
0.001040000,0.385279000,61,245
0.003621000,0.384472000,61,241
0.001136000,0.430191000,61,245
0.001136000,0.633335000,61,245
0.001640000,0.264163000,61,241
0.002091000,0.283229000,61,241
0.001063000,0.380001000,61,245
0.016561000,0.261198000,61,241
0.003603000,0.297813000,61,233
0.001654000,0.334534000,61,237
0.001234000,0.390514000,61,237
0.002533000,0.486405000,61,233
0.001202000,0.377330000,61,237
0.001515000,0.319793000,61,253